Date,Actual P&L,VaR forecast,Excess loss
2018-10-04,-35518.78,12468.47,23050.31
2018-10-11,-15856.07,12468.47,3387.60
2018-10-19,-14899.13,12676.29,2222.84
2018-11-21,-13972.43,12676.29,1296.14
2018-12-10,-12679.74,12676.29,3.44
2018-12-21,-19996.81,12682.66,7314.16
2019-06-06,-19499.56,12981.67,6517.89
2019-10-22,-17121.87,13981.70,3140.17
2020-02-28,-34666.61,14908.70,19757.91
2020-03-09,-43703.81,15868.73,27835.08
2020-03-12,-59633.97,17145.64,42488.33
2020-03-16,-54677.00,19504.53,35172.48
2020-03-17,-22179.21,20143.51,2035.70
2020-03-18,-24128.82,22304.09,1824.74
2020-03-23,-79712.04,24234.20,55477.84
2022-05-19,-24148.51,21650.71,2497.80
2023-07-21,-21962.11,19521.64,2440.46
2024-06-04,-29738.03,16759.06,12978.97
2024-08-05,-23762.84,16259.98,7502.85
2024-10-03,-16843.27,14333.04,2510.23
2025-04-07,-22217.89,16759.06,5458.84
2026-02-12,-18337.65,14202.72,4134.93
2026-03-19,-29513.04,15707.35,13805.68
2026-03-23,-21118.91,16858.21,4260.70
2026-03-27,-18586.95,18365.46,221.49
2026-06-19,-18628.65,18340.14,288.51
