Scenario,RELIANCE.NS,HDFCBANK.NS,TCS.NS,INFY.NS,NIFTYBEES.NS,GOLDBEES.NS,SETF10GILT.NS,INR=X,TOTAL
2008-style crisis,-80000.00,-60000.00,-60000.00,-40000.00,-60000.00,10000.00,3000.00,7500.00,-279500.00
COVID-19 crash (Feb-Mar 2020),-82424.52,-55693.85,-35134.48,-34230.74,-52574.07,-4603.65,-591.66,2827.18,-262425.79
Worst 10 days in history,-60889.05,-48024.06,-30798.12,-28757.01,-43087.56,-10320.10,9271.94,1196.26,-211407.70
Equity crash -20%,-40000.00,-30000.00,-30000.00,-20000.00,-30000.00,5000.00,2000.00,2500.00,-140500.00
Hedges fail (everything falls),-30000.00,-22500.00,-22500.00,-15000.00,-22500.00,-10000.00,-5000.00,-2500.00,-130000.00
FPI sell-off (Sep 2024-Mar 2025),-43619.62,-6888.33,-25387.22,-9061.73,-22380.37,11902.15,2512.58,2295.93,-90626.62
Rate shock (+150bp yields),-20000.00,-15000.00,-15000.00,-10000.00,-15000.00,-5000.00,-10000.00,1500.00,-88500.00
IL&FS crisis (Aug-Oct 2018),-41561.80,-9569.90,-19305.31,-10086.37,-21078.01,5796.11,6199.45,2341.27,-87264.57
Russia-Ukraine war (Jan-Mar 2022),-24503.85,-19392.05,-19710.38,-10293.90,-19466.75,10763.31,-1982.32,1370.68,-83215.25
Election result day (4 Jun 2024),-14970.28,-8496.05,492.16,-871.34,-4451.08,-49.51,-1177.79,-214.14,-29738.03
Yen carry-trade unwind (Aug 2024),-8971.82,-2109.78,-8257.16,-5435.60,-4769.51,-592.31,468.85,10.45,-29656.89
